<?xml version="1.0" encoding="utf-8" ?>
<manifest xmlns="http://www.imsglobal.org/xsd/imscp_v1p1"
          xmlns:xsi="http://www.w3.org/2001/XMLSchema-instance"
          xmlns:adlcp="http://www.adlnet.org/xsd/adlcp_rootv1p2"
          xmlns:cwsp="http://www.dspace.org/xmlns/cwspace_imscp"
          xmlns:ocw="https://ocw.mit.edu/xmlns/ocw_imscp"
          xmlns:lom="https://ocw.mit.edu/xmlns/LOM"
          identifier="urn_edu.mit.ocw_res-18-010-a-2020-vision-of-linear-algebra-spring-2020"
          version="2022-1-18T20:43:32"
          cwsp:packageType="Course"
          xml:base="res-18-010-spring-2020/"
          xsi:schemaLocation="http://www.imsglobal.org/xsd/imscp_v1p1 http://www.imsglobal.org/xsd/imscp_v1p1.xsd  http://www.adlnet.org/xsd/adlcp_rootv1p2 http://www.adlnet.org/xsd/adlcp_rootv1p2.xsd http://www.dspace.org/xmlns/cwspace_imscp http://www.dspace.org/xsd/cwspace_imscp/version10/cwspace_imscpv10.xsd https://ocw.mit.edu/xmlns/ocw_imscp https://ocw.mit.edu/xsd/ocw_imscp/version10/ocw_imscpv10.xsd https://ocw.mit.edu/xmlns/LOM https://ocw.mit.edu/xsd/LOM/lomv1.0/lomv1.0.xsd">
   	<metadata>
   		<schema>IMS Content</schema>
        <schemaversion>1.1</schemaversion>
        <cwsp:packageMetadata>
            <cwsp:sourceSystem>OCW</cwsp:sourceSystem>
            <cwsp:profile>CWSpace</cwsp:profile>
            <cwsp:profileVersion>0.1</cwsp:profileVersion>
        </cwsp:packageMetadata>
        <lom:general uniqueElementName="general">
            <lom:title uniqueElementName="title">
				<lom:string language="en">A 2020 Vision of Linear Algebra</lom:string>
			</lom:title>
			<lom:identifier>
				<lom:catalog uniqueElementName="catalog">OCW Master Course Number</lom:catalog>
		      	<lom:entry uniqueElementName="entry">RES.18-010</lom:entry>
			</lom:identifier>
        </lom:general>
        <lom:lifecycle uniqueElementName="lifeCycle">
            <lom:version uniqueElementName="version">
				<lom:string language="en">Spring 2020</lom:string>
			</lom:version>
            <lom:contribute>
	            <lom:role>
	                <lom:source uniqueElementName="source">OCW_LOMv1.0</lom:source>
	                <lom:value uniqueElementName="value">Author</lom:value>
	            </lom:role>
	            <lom:entity>Strang, Gilbert</lom:entity>
	            <lom:date uniqueElementName="date">
	                <lom:dateTime uniqueElementName="dateTime">2022-1-18</lom:dateTime>
	            </lom:date>
        	</lom:contribute>
        </lom:lifecycle>
        <lom:taxonPath>
            <lom:source uniqueElementName="source">
                <lom:string language="en">OCW Course Topics</lom:string>
            </lom:source>
            <lom:taxon>
                <lom:entry uniqueElementName="entry">
                    <lom:string language="en">Mathematics</lom:string>
                </lom:entry>
            </lom:taxon>
            <lom:taxon>
                <lom:entry uniqueElementName="entry">
                    <lom:string language="en">Linear Algebra</lom:string>
                </lom:entry>
            </lom:taxon>
            
        </lom:taxonPath>        
        <adlcp:location>contents/index.htm.xml</adlcp:location>
    </metadata>
    <organizations default="ocw_res-18-010-a-2020-vision-of-linear-algebra-spring-2020">
        <organization identifier="ocw_res-18-010-a-2020-vision-of-linear-algebra-spring-2020">
            <title>A 2020 Vision of Linear Algebra</title>
            <item identifier="i_res-18-010-a-2020-vision-of-linear-algebra-spring-2020.CourseHome"
                  identifierref="r_contents.index.htm"
                  ocw:sectionTemplateType="CourseHomePage"
                  ocw:sectionTemplateVersion="2022-1-18">
				<title>A 2020 Vision of Linear Algebra</title>
				<item identifier="i_res-18-010-a-2020-vision-of-linear-algebra-spring-2020.RES-18-010S20-th.jpg"
          identifierref="r_contents.RES-18-010S20-th.jpg">
				<title>Strang thumbnail</title>
				</item>
				<item identifier="i_res-18-010-a-2020-vision-of-linear-algebra-spring-2020.RES-18-010S20.jpg"
          identifierref="r_contents.RES-18-010S20.jpg">
				<title>Professor Strang in front of slide screen</title>
				</item>
			</item>
            <item identifier="i_res-18-010-a-2020-vision-of-linear-algebra-spring-2020.videos"
                  identifierref="r_contents.videos.index.htm"
                  ocw:sectionTemplateType="SupplementalResourceSection"
                  ocw:sectionTemplateVersion="2022-1-18">
				<title>Videos</title>
				<item identifier="i_res-18-010-a-2020-vision-of-linear-algebra-spring-2020.videos.orthogonal-vectors"
          identifierref="r_contents.videos.orthogonal-vectors.index.htm">
				<title>Part 3: Orthogonal Vectors</title>
				</item>
				<item identifier="i_res-18-010-a-2020-vision-of-linear-algebra-spring-2020.videos.videos.orthogonal-vectors.j8hEnyOiwhw.srt"
          identifierref="r_contents.videos.orthogonal-vectors.j8hEnyOiwhw.srt">
				<title>3play caption file</title>
				</item>
				<item identifier="i_res-18-010-a-2020-vision-of-linear-algebra-spring-2020.videos.videos.orthogonal-vectors.j8hEnyOiwhw.pdf"
          identifierref="r_contents.videos.orthogonal-vectors.j8hEnyOiwhw.pdf">
				<title>3play pdf file</title>
				</item>
				<item identifier="i_res-18-010-a-2020-vision-of-linear-algebra-spring-2020.videos.a-new-way-to-start-linear-algebra"
          identifierref="r_contents.videos.a-new-way-to-start-linear-algebra.index.htm">
				<title>Intro: A New Way to Start Linear Algebra  </title>
				</item>
				<item identifier="i_res-18-010-a-2020-vision-of-linear-algebra-spring-2020.videos.videos.a-new-way-to-start-linear-algebra.YrHlHbtiSM0.srt"
          identifierref="r_contents.videos.a-new-way-to-start-linear-algebra.YrHlHbtiSM0.srt">
				<title>3play caption file</title>
				</item>
				<item identifier="i_res-18-010-a-2020-vision-of-linear-algebra-spring-2020.videos.videos.a-new-way-to-start-linear-algebra.YrHlHbtiSM0.pdf"
          identifierref="r_contents.videos.a-new-way-to-start-linear-algebra.YrHlHbtiSM0.pdf">
				<title>3play pdf file</title>
				</item>
				<item identifier="i_res-18-010-a-2020-vision-of-linear-algebra-spring-2020.videos.the-column-space-of-a-matrix"
          identifierref="r_contents.videos.the-column-space-of-a-matrix.index.htm">
				<title>Part 1: The Column Space of a Matrix </title>
				</item>
				<item identifier="i_res-18-010-a-2020-vision-of-linear-algebra-spring-2020.videos.videos.the-column-space-of-a-matrix.azzrfdysfI0.srt"
          identifierref="r_contents.videos.the-column-space-of-a-matrix.azzrfdysfI0.srt">
				<title>3play caption file</title>
				</item>
				<item identifier="i_res-18-010-a-2020-vision-of-linear-algebra-spring-2020.videos.videos.the-column-space-of-a-matrix.azzrfdysfI0.pdf"
          identifierref="r_contents.videos.the-column-space-of-a-matrix.azzrfdysfI0.pdf">
				<title>3play pdf file</title>
				</item>
				<item identifier="i_res-18-010-a-2020-vision-of-linear-algebra-spring-2020.videos.the-big-picture-of-linear-algebra"
          identifierref="r_contents.videos.the-big-picture-of-linear-algebra.index.htm">
				<title>Part 2: The Big Picture of Linear Algebra</title>
				</item>
				<item identifier="i_res-18-010-a-2020-vision-of-linear-algebra-spring-2020.videos.videos.the-big-picture-of-linear-algebra.rwLOfdfc4dw.srt"
          identifierref="r_contents.videos.the-big-picture-of-linear-algebra.rwLOfdfc4dw.srt">
				<title>3play caption file</title>
				</item>
				<item identifier="i_res-18-010-a-2020-vision-of-linear-algebra-spring-2020.videos.videos.the-big-picture-of-linear-algebra.rwLOfdfc4dw.pdf"
          identifierref="r_contents.videos.the-big-picture-of-linear-algebra.rwLOfdfc4dw.pdf">
				<title>3play pdf file</title>
				</item>
				<item identifier="i_res-18-010-a-2020-vision-of-linear-algebra-spring-2020.videos.MITRES_18_010S20_LA_Slides.pdf"
          identifierref="r_contents.videos.MITRES_18_010S20_LA_Slides.pdf">
				<title>RES.18.010 S2020 "A 2020 Vision of Linear Algebra" slides</title>
				</item>
				<item identifier="i_res-18-010-a-2020-vision-of-linear-algebra-spring-2020.videos.eigenvalues-and-eigenvectors"
          identifierref="r_contents.videos.eigenvalues-and-eigenvectors.index.htm">
				<title>Part 4: Eigenvalues and Eigenvectors</title>
				</item>
				<item identifier="i_res-18-010-a-2020-vision-of-linear-algebra-spring-2020.videos.videos.eigenvalues-and-eigenvectors.GyC3gl6weYo.srt"
          identifierref="r_contents.videos.eigenvalues-and-eigenvectors.GyC3gl6weYo.srt">
				<title>3play caption file</title>
				</item>
				<item identifier="i_res-18-010-a-2020-vision-of-linear-algebra-spring-2020.videos.videos.eigenvalues-and-eigenvectors.GyC3gl6weYo.pdf"
          identifierref="r_contents.videos.eigenvalues-and-eigenvectors.GyC3gl6weYo.pdf">
				<title>3play pdf file</title>
				</item>
				<item identifier="i_res-18-010-a-2020-vision-of-linear-algebra-spring-2020.videos.singular-values-and-singular-vectors"
          identifierref="r_contents.videos.singular-values-and-singular-vectors.index.htm">
				<title>Part 5: Singular Values and Singular Vectors</title>
				</item>
				<item identifier="i_res-18-010-a-2020-vision-of-linear-algebra-spring-2020.videos.videos.singular-values-and-singular-vectors.IHO7_n7Y09s.srt"
          identifierref="r_contents.videos.singular-values-and-singular-vectors.IHO7_n7Y09s.srt">
				<title>3play caption file</title>
				</item>
				<item identifier="i_res-18-010-a-2020-vision-of-linear-algebra-spring-2020.videos.videos.singular-values-and-singular-vectors.IHO7_n7Y09s.pdf"
          identifierref="r_contents.videos.singular-values-and-singular-vectors.IHO7_n7Y09s.pdf">
				<title>3play pdf file</title>
				</item>
				<item identifier="i_res-18-010-a-2020-vision-of-linear-algebra-spring-2020.videos.finding-the-nullspace"
          identifierref="r_contents.videos.finding-the-nullspace.index.htm">
				<title>Part 6: Finding the Nullspace: Solving Ax = 0 by Elimination</title>
				</item>
				<item identifier="i_res-18-010-a-2020-vision-of-linear-algebra-spring-2020.videos.videos.finding-the-nullspace.JFIaRtKNP2E.srt"
          identifierref="r_contents.videos.finding-the-nullspace.JFIaRtKNP2E.srt">
				<title>3play caption file</title>
				</item>
				<item identifier="i_res-18-010-a-2020-vision-of-linear-algebra-spring-2020.videos.videos.finding-the-nullspace.JFIaRtKNP2E.pdf"
          identifierref="r_contents.videos.finding-the-nullspace.JFIaRtKNP2E.pdf">
				<title>3play pdf file</title>
				</item>
				<item identifier="i_res-18-010-a-2020-vision-of-linear-algebra-spring-2020.videos.videos.finding-the-nullspace.MITRES_18_010S21_LA_Part6.pdf"
          identifierref="r_contents.videos.finding-the-nullspace.MITRES_18_010S21_LA_Part6.pdf">
				<title>RES.18.010 S2020 "A 2020 Vision of Linear Algebra" Part 6 slides</title>
				</item>
			</item>
            <item identifier="i_res-18-010-a-2020-vision-of-linear-algebra-spring-2020.relatedresources"
                  identifierref="r_contents.relatedresources.index.htm"
                  ocw:sectionTemplateType="SupplementalResourceSection"
                  ocw:sectionTemplateVersion="2022-1-18">
				<title>Related Resources</title>
				<item identifier="i_res-18-010-a-2020-vision-of-linear-algebra-spring-2020.relatedresources.ZoomNotes_18-010.pdf"
          identifierref="r_contents.relatedresources.ZoomNotes_18-010.pdf">
				<title>ZoomNotes for Linear Algebra</title>
				</item>
			</item>
            <item identifier="i_terms"
                  identifierref="r_common.terms.index.htm"
                  ocw:sectionTemplateType="GlobalSection"
                  ocw:sectionTemplateVersion="2022-1-18">
				<title>Legal Notices</title>
			</item>
            <item identifier="i_terms"
                  identifierref="r_common.terms.index.htm"
                  ocw:sectionTemplateType="GlobalSection"
                  ocw:sectionTemplateVersion="2022-1-18">
				<title>Privacy Statement</title>
			</item>
            <item identifier="i_terms.trademarks"
                  identifierref="r_common.terms.trademarks.index.htm"
                  ocw:sectionTemplateType="GlobalSection"
                  ocw:sectionTemplateVersion="2022-1-18">
				<title>Trademark Notices</title>
			</item>
        </organization>
    </organizations>
    <resources>
        <resource identifier="r_contents.videos.finding-the-nullspace.MITRES_18_010S21_LA_Part6.pdf"
                  type="other"
                  href="contents/videos/finding-the-nullspace/MITRES_18_010S21_LA_Part6.pdf">
            <metadata>
                <adlcp:location>contents/videos/finding-the-nullspace/MITRES_18_010S21_LA_Part6.pdf.xml</adlcp:location>
            </metadata>
            <file href="contents/videos/finding-the-nullspace/MITRES_18_010S21_LA_Part6.pdf"/>
                        
        </resource>
        <resource identifier="r_contents.RES-18-010S20-th.jpg"
                  type="other"
                  href="contents/RES-18-010S20-th.jpg">
            <metadata>
                <adlcp:location>contents/RES-18-010S20-th.jpg.xml</adlcp:location>
            </metadata>
            <file href="contents/RES-18-010S20-th.jpg"/>
                        
        </resource>
        <resource identifier="r_contents.videos.orthogonal-vectors.j8hEnyOiwhw.srt"
                  type="other"
                  href="contents/videos/orthogonal-vectors/j8hEnyOiwhw.srt">
            <metadata>
                <adlcp:location>contents/videos/orthogonal-vectors/j8hEnyOiwhw.srt.xml</adlcp:location>
            </metadata>
            <file href="contents/videos/orthogonal-vectors/j8hEnyOiwhw.srt"/>
                        
        </resource>
        <resource identifier="r_contents.videos.finding-the-nullspace.JFIaRtKNP2E.pdf"
                  type="other"
                  href="contents/videos/finding-the-nullspace/JFIaRtKNP2E.pdf">
            <metadata>
                <adlcp:location>contents/videos/finding-the-nullspace/JFIaRtKNP2E.pdf.xml</adlcp:location>
            </metadata>
            <file href="contents/videos/finding-the-nullspace/JFIaRtKNP2E.pdf"/>
                        
        </resource>
        <resource identifier="r_contents.videos.orthogonal-vectors.j8hEnyOiwhw.pdf"
                  type="other"
                  href="contents/videos/orthogonal-vectors/j8hEnyOiwhw.pdf">
            <metadata>
                <adlcp:location>contents/videos/orthogonal-vectors/j8hEnyOiwhw.pdf.xml</adlcp:location>
            </metadata>
            <file href="contents/videos/orthogonal-vectors/j8hEnyOiwhw.pdf"/>
                        
        </resource>
        <resource identifier="r_contents.RES-18-010S20.jpg"
                  type="other"
                  href="contents/RES-18-010S20.jpg">
            <metadata>
                <adlcp:location>contents/RES-18-010S20.jpg.xml</adlcp:location>
            </metadata>
            <file href="contents/RES-18-010S20.jpg"/>
                        
        </resource>
        <resource identifier="r_contents.videos.the-column-space-of-a-matrix.index.htm"
                  type="webcontent"
                  href="contents/videos/the-column-space-of-a-matrix/index.htm">
            <metadata>
                <adlcp:location>contents/videos/the-column-space-of-a-matrix/index.htm.xml</adlcp:location>
            </metadata>
            <file href="contents/videos/the-column-space-of-a-matrix/index.htm"/>
            <dependency identifierref="webrenderrequirements.res-18-010-a-2020-vision-of-linear-algebra-spring-2020"/>            
        </resource>
        <resource identifier="r_contents.videos.eigenvalues-and-eigenvectors.GyC3gl6weYo.pdf"
                  type="other"
                  href="contents/videos/eigenvalues-and-eigenvectors/GyC3gl6weYo.pdf">
            <metadata>
                <adlcp:location>contents/videos/eigenvalues-and-eigenvectors/GyC3gl6weYo.pdf.xml</adlcp:location>
            </metadata>
            <file href="contents/videos/eigenvalues-and-eigenvectors/GyC3gl6weYo.pdf"/>
                        
        </resource>
        <resource identifier="r_contents.videos.the-column-space-of-a-matrix.azzrfdysfI0.srt"
                  type="other"
                  href="contents/videos/the-column-space-of-a-matrix/azzrfdysfI0.srt">
            <metadata>
                <adlcp:location>contents/videos/the-column-space-of-a-matrix/azzrfdysfI0.srt.xml</adlcp:location>
            </metadata>
            <file href="contents/videos/the-column-space-of-a-matrix/azzrfdysfI0.srt"/>
                        
        </resource>
        <resource identifier="r_contents.videos.the-column-space-of-a-matrix.azzrfdysfI0.pdf"
                  type="other"
                  href="contents/videos/the-column-space-of-a-matrix/azzrfdysfI0.pdf">
            <metadata>
                <adlcp:location>contents/videos/the-column-space-of-a-matrix/azzrfdysfI0.pdf.xml</adlcp:location>
            </metadata>
            <file href="contents/videos/the-column-space-of-a-matrix/azzrfdysfI0.pdf"/>
                        
        </resource>
        <resource identifier="r_contents.videos.a-new-way-to-start-linear-algebra.YrHlHbtiSM0.srt"
                  type="other"
                  href="contents/videos/a-new-way-to-start-linear-algebra/YrHlHbtiSM0.srt">
            <metadata>
                <adlcp:location>contents/videos/a-new-way-to-start-linear-algebra/YrHlHbtiSM0.srt.xml</adlcp:location>
            </metadata>
            <file href="contents/videos/a-new-way-to-start-linear-algebra/YrHlHbtiSM0.srt"/>
                        
        </resource>
        <resource identifier="r_contents.videos.a-new-way-to-start-linear-algebra.YrHlHbtiSM0.pdf"
                  type="other"
                  href="contents/videos/a-new-way-to-start-linear-algebra/YrHlHbtiSM0.pdf">
            <metadata>
                <adlcp:location>contents/videos/a-new-way-to-start-linear-algebra/YrHlHbtiSM0.pdf.xml</adlcp:location>
            </metadata>
            <file href="contents/videos/a-new-way-to-start-linear-algebra/YrHlHbtiSM0.pdf"/>
                        
        </resource>
        <resource identifier="r_contents.videos.orthogonal-vectors.index.htm"
                  type="webcontent"
                  href="contents/videos/orthogonal-vectors/index.htm">
            <metadata>
                <adlcp:location>contents/videos/orthogonal-vectors/index.htm.xml</adlcp:location>
            </metadata>
            <file href="contents/videos/orthogonal-vectors/index.htm"/>
            <dependency identifierref="webrenderrequirements.res-18-010-a-2020-vision-of-linear-algebra-spring-2020"/>            
        </resource>
        <resource identifier="r_contents.videos.a-new-way-to-start-linear-algebra.index.htm"
                  type="webcontent"
                  href="contents/videos/a-new-way-to-start-linear-algebra/index.htm">
            <metadata>
                <adlcp:location>contents/videos/a-new-way-to-start-linear-algebra/index.htm.xml</adlcp:location>
            </metadata>
            <file href="contents/videos/a-new-way-to-start-linear-algebra/index.htm"/>
            <dependency identifierref="webrenderrequirements.res-18-010-a-2020-vision-of-linear-algebra-spring-2020"/>            
        </resource>
        <resource identifier="r_contents.videos.the-big-picture-of-linear-algebra.index.htm"
                  type="webcontent"
                  href="contents/videos/the-big-picture-of-linear-algebra/index.htm">
            <metadata>
                <adlcp:location>contents/videos/the-big-picture-of-linear-algebra/index.htm.xml</adlcp:location>
            </metadata>
            <file href="contents/videos/the-big-picture-of-linear-algebra/index.htm"/>
            <dependency identifierref="webrenderrequirements.res-18-010-a-2020-vision-of-linear-algebra-spring-2020"/>            
        </resource>
        <resource identifier="r_contents.relatedresources.index.htm"
                  type="webcontent"
                  href="contents/relatedresources/index.htm">
            <metadata>
                <adlcp:location>contents/relatedresources/index.htm.xml</adlcp:location>
            </metadata>
            <file href="contents/relatedresources/index.htm"/>
            <dependency identifierref="webrenderrequirements.res-18-010-a-2020-vision-of-linear-algebra-spring-2020"/>            
        </resource>
        <resource identifier="r_contents.videos.eigenvalues-and-eigenvectors.index.htm"
                  type="webcontent"
                  href="contents/videos/eigenvalues-and-eigenvectors/index.htm">
            <metadata>
                <adlcp:location>contents/videos/eigenvalues-and-eigenvectors/index.htm.xml</adlcp:location>
            </metadata>
            <file href="contents/videos/eigenvalues-and-eigenvectors/index.htm"/>
            <dependency identifierref="webrenderrequirements.res-18-010-a-2020-vision-of-linear-algebra-spring-2020"/>            
        </resource>
        <resource identifier="r_contents.videos.singular-values-and-singular-vectors.IHO7_n7Y09s.pdf"
                  type="other"
                  href="contents/videos/singular-values-and-singular-vectors/IHO7_n7Y09s.pdf">
            <metadata>
                <adlcp:location>contents/videos/singular-values-and-singular-vectors/IHO7_n7Y09s.pdf.xml</adlcp:location>
            </metadata>
            <file href="contents/videos/singular-values-and-singular-vectors/IHO7_n7Y09s.pdf"/>
                        
        </resource>
        <resource identifier="r_contents.videos.index.htm"
                  type="webcontent"
                  href="contents/videos/index.htm">
            <metadata>
                <adlcp:location>contents/videos/index.htm.xml</adlcp:location>
            </metadata>
            <file href="contents/videos/index.htm"/>
            <dependency identifierref="webrenderrequirements.res-18-010-a-2020-vision-of-linear-algebra-spring-2020"/>            
        </resource>
        <resource identifier="r_contents.videos.the-big-picture-of-linear-algebra.rwLOfdfc4dw.srt"
                  type="other"
                  href="contents/videos/the-big-picture-of-linear-algebra/rwLOfdfc4dw.srt">
            <metadata>
                <adlcp:location>contents/videos/the-big-picture-of-linear-algebra/rwLOfdfc4dw.srt.xml</adlcp:location>
            </metadata>
            <file href="contents/videos/the-big-picture-of-linear-algebra/rwLOfdfc4dw.srt"/>
                        
        </resource>
        <resource identifier="r_contents.videos.singular-values-and-singular-vectors.index.htm"
                  type="webcontent"
                  href="contents/videos/singular-values-and-singular-vectors/index.htm">
            <metadata>
                <adlcp:location>contents/videos/singular-values-and-singular-vectors/index.htm.xml</adlcp:location>
            </metadata>
            <file href="contents/videos/singular-values-and-singular-vectors/index.htm"/>
            <dependency identifierref="webrenderrequirements.res-18-010-a-2020-vision-of-linear-algebra-spring-2020"/>            
        </resource>
        <resource identifier="r_contents.videos.singular-values-and-singular-vectors.IHO7_n7Y09s.srt"
                  type="other"
                  href="contents/videos/singular-values-and-singular-vectors/IHO7_n7Y09s.srt">
            <metadata>
                <adlcp:location>contents/videos/singular-values-and-singular-vectors/IHO7_n7Y09s.srt.xml</adlcp:location>
            </metadata>
            <file href="contents/videos/singular-values-and-singular-vectors/IHO7_n7Y09s.srt"/>
                        
        </resource>
        <resource identifier="r_contents.videos.eigenvalues-and-eigenvectors.GyC3gl6weYo.srt"
                  type="other"
                  href="contents/videos/eigenvalues-and-eigenvectors/GyC3gl6weYo.srt">
            <metadata>
                <adlcp:location>contents/videos/eigenvalues-and-eigenvectors/GyC3gl6weYo.srt.xml</adlcp:location>
            </metadata>
            <file href="contents/videos/eigenvalues-and-eigenvectors/GyC3gl6weYo.srt"/>
                        
        </resource>
        <resource identifier="r_contents.videos.finding-the-nullspace.index.htm"
                  type="webcontent"
                  href="contents/videos/finding-the-nullspace/index.htm">
            <metadata>
                <adlcp:location>contents/videos/finding-the-nullspace/index.htm.xml</adlcp:location>
            </metadata>
            <file href="contents/videos/finding-the-nullspace/index.htm"/>
            <dependency identifierref="webrenderrequirements.res-18-010-a-2020-vision-of-linear-algebra-spring-2020"/>            
        </resource>
        <resource identifier="r_contents.videos.the-big-picture-of-linear-algebra.rwLOfdfc4dw.pdf"
                  type="other"
                  href="contents/videos/the-big-picture-of-linear-algebra/rwLOfdfc4dw.pdf">
            <metadata>
                <adlcp:location>contents/videos/the-big-picture-of-linear-algebra/rwLOfdfc4dw.pdf.xml</adlcp:location>
            </metadata>
            <file href="contents/videos/the-big-picture-of-linear-algebra/rwLOfdfc4dw.pdf"/>
                        
        </resource>
        <resource identifier="r_contents.videos.finding-the-nullspace.JFIaRtKNP2E.srt"
                  type="other"
                  href="contents/videos/finding-the-nullspace/JFIaRtKNP2E.srt">
            <metadata>
                <adlcp:location>contents/videos/finding-the-nullspace/JFIaRtKNP2E.srt.xml</adlcp:location>
            </metadata>
            <file href="contents/videos/finding-the-nullspace/JFIaRtKNP2E.srt"/>
                        
        </resource>
        <resource identifier="r_contents.videos.MITRES_18_010S20_LA_Slides.pdf"
                  type="other"
                  href="contents/videos/MITRES_18_010S20_LA_Slides.pdf">
            <metadata>
                <adlcp:location>contents/videos/MITRES_18_010S20_LA_Slides.pdf.xml</adlcp:location>
            </metadata>
            <file href="contents/videos/MITRES_18_010S20_LA_Slides.pdf"/>
                        
        </resource>
        <resource identifier="r_contents.relatedresources.ZoomNotes_18-010.pdf"
                  type="other"
                  href="contents/relatedresources/ZoomNotes_18-010.pdf">
            <metadata>
                <adlcp:location>contents/relatedresources/ZoomNotes_18-010.pdf.xml</adlcp:location>
            </metadata>
            <file href="contents/relatedresources/ZoomNotes_18-010.pdf"/>
                        
        </resource>
        <resource identifier="r_contents.index.htm"
                  type="webcontent"
                  href="contents/index.htm">
            <metadata>
                <adlcp:location>contents/index.htm.xml</adlcp:location>
            </metadata>
            <file href="contents/index.htm"/>
            <dependency identifierref="webrenderrequirements.res-18-010-a-2020-vision-of-linear-algebra-spring-2020"/>            
        </resource>        
        <resource identifier="r_common.search.AdvancedSearch.htm"
                  type="webcontent"
                  href="common/search/AdvancedSearch.htm">
            <file href="common/search/AdvancedSearch.htm"/>
            <dependency identifierref="webrenderrequirements.res-18-010-a-2020-vision-of-linear-algebra-spring-2020"/>            
        </resource>
        <resource identifier="r_common.jsp.feedback.htm"
                  type="webcontent"
                  href="common/jsp/feedback.htm">
            <file href="common/jsp/feedback.htm"/>
            <dependency identifierref="webrenderrequirements.res-18-010-a-2020-vision-of-linear-algebra-spring-2020"/>            
        </resource>
        <resource identifier="r_common.terms.index.htm"
                  type="webcontent"
                  href="common/terms/index.htm">
            <file href="common/terms/by.png"/>
            <file href="common/terms/nc.png"/>
            <file href="common/terms/sa.png"/>
            <file href="common/terms/deedheadyellow.png"/>
            <file href="common/terms/freedomsheader.png"/>
            <file href="common/terms/limitationsheader.png"/>
            <file href="common/terms/understandingheader.jpg"/>
            <file href="common/terms/deedfootyellow.png"/>
            <dependency identifierref="webrenderrequirements.res-18-010-a-2020-vision-of-linear-algebra-spring-2020"/>            
        </resource>
        <resource identifier="r_common.terms.trademarks.index.htm"
                  type="webcontent"
                  href="common/terms/trademarks/index.htm">
            <file href="common/terms/trademarks/index.htm"/>
            <dependency identifierref="webrenderrequirements.res-18-010-a-2020-vision-of-linear-algebra-spring-2020"/>            
        </resource>
        <resource identifier="webrenderrequirements.res-18-010-a-2020-vision-of-linear-algebra-spring-2020"
                  type="webcontent">
        	<file href="common/styles/base.css"/>
        	<file href="common/styles/courses.css"/>
        	<file href="common/styles/courses_new.css"/>
        	<file href="common/styles/educator.css"/>
        	<file href="common/styles/global.css"/>
        	<file href="common/styles/grid.css"/>
        	<file href="common/styles/highslide.css"/>
        	<file href="common/styles/highslide-ie6.css"/>
        	<file href="common/styles/jquery.bubblepopup.css"/>
        	<file href="common/styles/jquery.jscrollpane.css"/>
        	<file href="common/styles/jquery-ui.css"/>
        	<file href="common/styles/menu.css"/>
        	<file href="common/styles/scholar2.css"/>
        	<file href="common/styles/media_tabs.css"/>
        	<file href="common/styles/three_play.css"/>
        	<file href="common/scripts/bubble-popup-offline.js"/>
        	<file href="common/scripts/jquery.js"/>
        	<file href="common/scripts/ocw-media-utils.js"/>
        	<file href="common/scripts/ocw-media-utils-offline.js"/>
        	<file href="common/scripts/highslide-with-gallery.js"/>
        	<file href="common/scripts/jquery.bubblepopup.min.js"/>
        	<file href="common/scripts/jquery.jscrollpane.min.js"/>
        	<file href="common/scripts/jquery-ui.min.js"/>
        	<file href="common/scripts/jQuizMe-uncompressed.js"/>
        	<file href="common/scripts/ocw-offline.js"/>
        	<file href="common/scripts/expandy.js"/>
        	<file href="common/scripts/chart.js"/>
        	<file href="common/scripts/jquery.anythingslider.js"/>
        	<file href="common/images/ocw_mast.png"/>
        	<file href="common/images/button_subscribe.png"/>
        	<file href="common/images/icon_fb.png"/>
        	<file href="common/images/icon_gp.png"/>
        	<file href="common/images/icon_pin.png"/>
        	<file href="common/images/icon_tw.png"/>
        	<file href="common/images/icon-question-ovt.png"/>
        	<file href="common/images/icon-question-svt.png"/>
        	<file href="common/images/icon-question-avt.png"/>
        	<file href="common/images/icon-question-cl.png"/>
        	<file href="common/images/top-nav_home.png"/>
        	<file href="common/images/button_search.png"/>
        	<file href="common/images/bg_top.png"/>
        	<file href="common/images/bg_social.png"/>
        	<file href="common/images/bg_social2.png"/>
        	<file href="common/images/bg_mega-courses.png"/>
        	<file href="common/images/bg_center2.png"/>
        	<file href="common/images/bg_course-nav_current.png"/>
        	<file href="common/images/button_donate-now.png"/>
        	<file href="common/images/logo_mit.png"/>
        	<file href="common/images/logo_ocwc.gif"/>
        	<file href="common/images/cc_by-nc-sa.png"/>
        	<file href="common/images/logo_dow.png"/>
        	<file href="common/images/logo_lockheed.png"/>
        	<file href="common/images/logo_mathworks.png"/>
        	<file href="common/images/logo_abinitio.png"/>
        	<file href="common/images/logo_sapient.png"/>
        	<file href="common/images/bg_bottom.png"/>
        	<file href="common/images/nav_arrow.png"/>
        	<file href="common/images/news-subscibe_bg.png"/>
        	<file href="common/images/3play_logo.png"/>
        	<file href="common/images/black-arrow.gif"/>
        	<file href="common/images/trans.gif"/>
        	<file href="common/images/arrow-bullet.gif"/>
        	<file href="common/images/apple-touch-icon.png"/>
        	<file href="common/images/highslide/graphics/zoomin.cur"/>
        	<file href="common/images/highslide/graphics/zoomout.cur"/>
        	<file href="common/images/highslide/graphics/controlbar2.gif"/>
        	<file href="common/images/highslide/graphics/controlbar3.gif"/>
        	<file href="common/images/highslide/graphics/controlbar4.gif"/>
        	<file href="common/images/highslide/graphics/controlbar4-hover.gif"/>
        	<file href="common/images/highslide/graphics/controlbar-black-border.gif"/>
        	<file href="common/images/highslide/graphics/controlbar-white.gif"/>
        	<file href="common/images/highslide/graphics/controlbar-white-small.gif"/>
        	<file href="common/images/highslide/graphics/fullexpand.gif"/>
        	<file href="common/images/highslide/graphics/icon.gif"/>
        	<file href="common/images/highslide/graphics/loader.gif"/>
        	<file href="common/images/highslide/graphics/loader.white.gif"/>
        	<file href="common/images/highslide/graphics/resize.gif"/>
        	<file href="common/images/highslide/graphics/close.png"/>
        	<file href="common/images/highslide/graphics/closeX.png"/>
        	<file href="common/images/highslide/graphics/controlbar-text-buttons.png"/>
        	<file href="common/images/highslide/graphics/geckodimmer.png"/>
        	<file href="common/images/highslide/graphics/scrollarrows.png"/>
        	<file href="common/images/highslide/graphics/outlines/beveled.png"/>
        	<file href="common/images/highslide/graphics/outlines/drop-shadow.png"/>
        	<file href="common/images/highslide/graphics/outlines/glossy-dark.png"/>
        	<file href="common/images/highslide/graphics/outlines/outer-glow.png"/>
        	<file href="common/images/highslide/graphics/outlines/rounded-black.png"/>
        	<file href="common/images/highslide/graphics/outlines/rounded-white.png"/>
        	<file href="common/images/highslide/graphics/outlines/Outlines.psd"/>
        	<file href="common/images/button_continue.jpg"/>
        	<file href="common/images/button_donate.jpg"/>
        	<file href="common/images/button_start.jpg"/>
        	<file href="common/images/scholar_bar_chp.png"/>
        	<file href="common/images/scholar_bar.png"/>
        	<file href="common/images/logo_pdf.jpg"/>
        	<file href="common/images/h2_trigger_open_close.gif"/>
        	<file href="common/images/bookmark.gif"/>
        	<file href="common/images/check.png"/>
        	<file href="common/images/lightbulb.png"/>
        	<file href="common/images/audio_file.gif"/>
        	<file href="common/images/audio_only_slate.gif"/>
        	<file href="common/images/video_file.gif"/>
        	<file href="common/images/back-5.png"/>
        	<file href="common/images/btn_next_resource.png"/>
        	<file href="common/images/btn_previous_resource.png"/>
        	<file href="common/images/close.png"/>
        	<file href="common/images/inacessible.gif"/>
        	<file href="common/images/jquerybubblepopup-theme/grey/ie/bottom-left.gif"/>
        	<file href="common/images/jquerybubblepopup-theme/grey/ie/bottom-middle.gif"/>
        	<file href="common/images/jquerybubblepopup-theme/grey/ie/bottom-right.gif"/>
        	<file href="common/images/jquerybubblepopup-theme/grey/ie/middle-left.gif"/>
        	<file href="common/images/jquerybubblepopup-theme/grey/ie/middle-right.gif"/>
        	<file href="common/images/jquerybubblepopup-theme/grey/ie/tail-bottom.gif"/>
        	<file href="common/images/jquerybubblepopup-theme/grey/ie/tail-left.gif"/>
        	<file href="common/images/jquerybubblepopup-theme/grey/ie/tail-right.gif"/>
        	<file href="common/images/jquerybubblepopup-theme/grey/ie/tail-top.gif"/>
        	<file href="common/images/jquerybubblepopup-theme/grey/ie/top-left.gif"/>
        	<file href="common/images/jquerybubblepopup-theme/grey/ie/top-middle.gif"/>
        	<file href="common/images/jquerybubblepopup-theme/grey/ie/top-right.gif"/>
        	<file href="common/images/jquerybubblepopup-theme/grey/bottom-left.png"/>
        	<file href="common/images/jquerybubblepopup-theme/grey/bottom-middle.png"/>
        	<file href="common/images/jquerybubblepopup-theme/grey/bottom-right.png"/>
        	<file href="common/images/jquerybubblepopup-theme/grey/middle-left.png"/>
        	<file href="common/images/jquerybubblepopup-theme/grey/middle-right.png"/>
        	<file href="common/images/jquerybubblepopup-theme/grey/tail-bottom.png"/>
        	<file href="common/images/jquerybubblepopup-theme/grey/tail-left.png"/>
        	<file href="common/images/jquerybubblepopup-theme/grey/tail-right.png"/>
        	<file href="common/images/jquerybubblepopup-theme/grey/tail-top.png"/>
        	<file href="common/images/jquerybubblepopup-theme/grey/top-left.png"/>
        	<file href="common/images/jquerybubblepopup-theme/grey/top-middle.png"/>
        	<file href="common/images/jquerybubblepopup-theme/grey/top-right.png"/>
        	<file href="common/images/educator/classroom_next.png"/>
        	<file href="common/images/educator/classroom_next_dim.png"/>
        	<file href="common/images/educator/classroom_prev.png"/>
        	<file href="common/images/educator/classroom_prev_dim.png"/>
        	<file href="common/images/educator/edu_b-blank.png"/>
        	<file href="common/images/educator/edu_b-blank-key.png"/>
        	<file href="common/images/educator/edu_b-duedate.png"/>
        	<file href="common/images/educator/edu_b-duedate-key.png"/>
        	<file href="common/images/educator/edu_b-exam.png"/>
        	<file href="common/images/educator/edu_b-exam-key.png"/>
        	<file href="common/images/educator/edu_b-lab.png"/>
        	<file href="common/images/educator/edu_b-lab-key.png"/>
        	<file href="common/images/educator/edu_b-lab-team.png"/>
        	<file href="common/images/educator/edu_b-lab-duedate.png"/>
        	<file href="common/images/educator/edu_b-leclab.png"/>
        	<file href="common/images/educator/edu_b-leclab-key.png"/>
        	<file href="common/images/educator/edu_b-lecture.png"/>
        	<file href="common/images/educator/edu_b-lecture-duedate.png"/>
        	<file href="common/images/educator/edu_b-lecture-exam.png"/>
        	<file href="common/images/educator/edu_b-lecture-key.png"/>
        	<file href="common/images/educator/edu_b-lecture-lunch.png"/>
        	<file href="common/images/educator/edu_b-lecture-preslab.png"/>
        	<file href="common/images/educator/edu_b-lecture-quiz.png"/>
        	<file href="common/images/educator/edu_b-lecture-team.png"/>
        	<file href="common/images/educator/edu_b-lecrec-key.png"/>
        	<file href="common/images/educator/edu_b-leclab-duedate.png"/>
        	<file href="common/images/educator/edu_b-lecrec.png"/>
        	<file href="common/images/educator/edu_b-lecrec-duedate.png"/>
        	<file href="common/images/educator/edu_b-noclass-quiz.png"/>
        	<file href="common/images/educator/edu_b-lunch.png"/>
        	<file href="common/images/educator/edu_b-lunch-key.png"/>
        	<file href="common/images/educator/edu_b-noclass.png"/>
        	<file href="common/images/educator/edu_b-noclass-duedate.png"/>
        	<file href="common/images/educator/edu_b-noclass-exam.png"/>
        	<file href="common/images/educator/edu_b-noclass-key.png"/>
        	<file href="common/images/educator/edu_b-office.png"/>
        	<file href="common/images/educator/edu_b-office-key.png"/>
        	<file href="common/images/educator/edu_b-present.png"/>
        	<file href="common/images/educator/edu_b-present-duedate.png"/>
        	<file href="common/images/educator/edu_b-present-key.png"/>
        	<file href="common/images/educator/edu_b-preslab.png"/>
        	<file href="common/images/educator/edu_b-preslab-key.png"/>
        	<file href="common/images/educator/edu_b-quiz-key.png"/>
        	<file href="common/images/educator/edu_b-reclab-key.png"/>
        	<file href="common/images/educator/edu_b-reclab-concert.png"/>
        	<file href="common/images/educator/edu_b-reclab.png"/>
        	<file href="common/images/educator/edu_b-noclass-concert.png"/>
        	<file href="common/images/educator/edu_b-leclab-concert.png"/>
        	<file href="common/images/educator/edu_b-concert-key.png"/>
        	<file href="common/images/educator/edu_b-concert.png"/>
        	<file href="common/images/educator/edu_b-recitation.png"/>
        	<file href="common/images/educator/edu_b-recitation-duedate.png"/>
        	<file href="common/images/educator/edu_b-recitation-exam.png"/>
        	<file href="common/images/educator/edu_b-recitation-key.png"/>
        	<file href="common/images/educator/edu_b-team.png"/>
        	<file href="common/images/educator/edu_b-team-key.png"/>
        	<file href="common/images/educator/edu_b-team-preslab.png"/>
        	<file href="common/images/educator/edu_b-work.png"/>
        	<file href="common/images/educator/edu_b-work-key.png"/>
        	<file href="common/images/educator/icon-question-cih.png"/>
        	<file href="common/images/educator/icon-question-cihw.png"/>
        	<file href="common/images/educator/icon-question-cim.png"/>
        	<file href="common/images/educator/icon-question-collab.png"/>
        	<file href="common/images/educator/icon-question-coop.png"/>
        	<file href="common/images/educator/icon-question-fas.png"/>
        	<file href="common/images/educator/icon-question-gir.png"/>
        	<file href="common/images/educator/icon-question-hass.png"/>
        	<file href="common/images/educator/icon-question-hass-s.png"/>
        	<file href="common/images/educator/icon-question-iap.png"/>
        	<file href="common/images/educator/icon-question-lab.png"/>
        	<file href="common/images/educator/icon-question-urop.png"/>
        	<file href="common/images/educator/icon-question-active.png"/>
        	<file href="common/images/educator/icon-question-clickq.png"/>
        	<file href="common/images/educator/icon-question-conq.png"/>
        	<file href="common/images/educator/icon-question-flip.png"/>
        	<file href="common/images/educator/icon-question-form.png"/>
        	<file href="common/images/educator/icon-question-immed.png"/>
        	<file href="common/images/educator/icon-question-learn.png"/>
        	<file href="common/images/educator/icon-question-ped.png"/>
        	<file href="common/images/educator/icon-question-readq.png"/>
        	<file href="common/images/educator/icon-question-service.png"/>
        	<file href="common/images/educator/icon-question-sum.png"/>
        	<file href="common/images/educator/icon-question-unrestricted-elective-credits.png"/>
        	<file href="common/webfonts/TitilliumText22L002-webfont.woff"/>
        	<file href="common/webfonts/TitilliumText22L002-webfont.ttf"/>
        	<file href="common/webfonts/TitilliumText22L002-webfont.svg"/>
        	<file href="common/webfonts/TitilliumText22L002-webfont.eot"/>
        	<file href="common/webfonts/TitilliumText22L003-webfont.woff"/>
        	<file href="common/webfonts/TitilliumText22L003-webfont.ttf"/>
        	<file href="common/webfonts/TitilliumText22L003-webfont.eot"/>
        	<file href="common/webfonts/TitilliumText22L003-webfont.svg"/>
        	<file href="common/webfonts/TitilliumText22L005-webfont.woff"/>
        	<file href="common/webfonts/TitilliumText22L005-webfont.ttf"/>
        	<file href="common/webfonts/TitilliumText22L005-webfont.svg"/>
        	<file href="common/webfonts/TitilliumText22L005-webfont.eot"/>
        </resource>        
  </resources>
</manifest>
